Date,Building,Occupancy,Temperature_C,Electricity_kWh,Water_Liters,Waste_kg,Paper_kg
2026-01-01,Admin Block,244,25.7,378.2,8311.4,24.3,5.2
2026-01-01,Engineering Block,355,28.0,522.7,10940.5,53.3,11.1
2026-01-01,Computer Lab,405,32.6,636.6,12626.5,58.3,10.5
2026-01-01,Library,238,28.8,309.0,6507.4,35.5,5.8
2026-01-01,Canteen,271,27.9,452.1,9512.5,41.6,8.8
2026-01-01,Hostel,451,27.7,537.4,12166.0,57.5,12.2
2026-01-02,Admin Block,230,26.3,309.4,8052.9,36.1,7.4
2026-01-02,Engineering Block,327,29.7,534.7,11497.1,52.6,10.4
2026-01-02,Computer Lab,426,29.2,616.7,13700.3,50.6,11.2
2026-01-02,Library,191,27.0,298.6,7686.7,24.9,7.2
2026-01-02,Canteen,227,27.9,435.5,9436.0,41.9,9.2
2026-01-02,Hostel,364,27.5,598.4,12135.7,46.9,9.5
2026-01-03,Admin Block,96,30.6,214.1,4492.8,15.3,3.9
2026-01-03,Engineering Block,214,28.0,313.2,5985.7,26.0,5.1
2026-01-03,Computer Lab,179,30.6,322.4,7041.1,32.2,6.9
2026-01-03,Library,137,28.7,161.1,3801.2,9.0,1.6
2026-01-03,Canteen,111,25.8,250.7,4322.4,19.2,6.1
2026-01-03,Hostel,194,31.4,283.4,6578.5,24.5,5.6
2026-01-04,Admin Block,158,23.5,207.6,4508.5,16.1,2.0
2026-01-04,Engineering Block,195,27.3,300.7,6335.2,34.4,5.3
2026-01-04,Computer Lab,185,29.6,349.9,7946.5,34.0,6.8
2026-01-04,Library,165,25.2,139.1,3390.7,15.6,1.6
2026-01-04,Canteen,179,28.3,175.3,4590.9,24.0,5.5
2026-01-04,Hostel,277,38.3,368.2,6483.8,21.3,6.3
2026-01-05,Admin Block,205,27.7,323.9,7413.5,36.9,6.9
2026-01-05,Engineering Block,345,25.7,440.1,11128.9,48.9,12.2
2026-01-05,Computer Lab,407,32.1,591.4,12424.8,52.3,10.8
2026-01-05,Library,282,26.4,346.6,6583.1,35.2,6.5
2026-01-05,Canteen,280,28.9,402.2,9609.9,38.0,6.8
2026-01-05,Hostel,332,29.6,638.2,12204.0,51.3,11.2
2026-01-06,Admin Block,279,29.7,340.0,8594.1,35.9,8.6
2026-01-06,Engineering Block,357,25.1,451.8,12578.1,57.2,9.9
2026-01-06,Computer Lab,389,33.7,569.6,12523.4,59.1,11.2
2026-01-06,Library,207,28.5,331.4,7709.9,29.6,6.8
2026-01-06,Canteen,214,28.8,393.4,8197.8,34.4,7.8
2026-01-06,Hostel,409,24.8,552.4,12170.3,52.3,12.1
2026-01-07,Admin Block,252,33.3,364.1,7287.6,32.3,7.0
2026-01-07,Engineering Block,357,25.5,518.8,11653.3,60.8,12.4
2026-01-07,Computer Lab,373,28.1,534.0,12641.0,57.2,13.1
2026-01-07,Library,182,26.9,214.0,6564.3,23.8,5.4
2026-01-07,Canteen,255,28.7,351.9,8241.4,49.0,6.7
2026-01-07,Hostel,338,34.9,716.4,11368.5,50.3,11.3
2026-01-08,Admin Block,294,25.8,333.8,8455.3,36.3,6.3
2026-01-08,Engineering Block,346,24.6,502.3,11276.8,50.2,9.5
2026-01-08,Computer Lab,419,32.2,621.2,13483.6,57.2,11.6
2026-01-08,Library,182,30.0,317.1,8030.6,35.6,6.5
2026-01-08,Canteen,259,25.4,473.0,9385.8,41.6,6.2
2026-01-08,Hostel,409,30.5,520.3,12178.5,54.9,10.9
2026-01-09,Admin Block,223,28.7,343.6,7694.2,39.2,3.7
2026-01-09,Engineering Block,342,29.6,542.4,11188.3,41.1,10.5
2026-01-09,Computer Lab,463,24.1,627.9,13261.5,57.8,10.4
2026-01-09,Library,196,33.2,358.9,7866.0,34.2,6.5
2026-01-09,Canteen,347,30.4,474.2,9462.2,42.0,7.4
2026-01-09,Hostel,411,25.2,586.9,12371.1,59.0,11.8
2026-01-10,Admin Block,192,31.3,139.4,4480.5,14.4,3.1
2026-01-10,Engineering Block,245,31.0,271.7,5912.1,28.5,4.1
2026-01-10,Computer Lab,198,30.0,393.4,7523.7,20.2,6.8
2026-01-10,Library,116,30.3,258.5,2406.9,13.4,4.0
2026-01-10,Canteen,101,33.7,276.9,5411.3,18.1,5.5
2026-01-10,Hostel,244,29.7,330.0,7137.7,26.1,5.8
2026-01-11,Admin Block,123,30.2,251.3,3491.0,17.4,5.5
2026-01-11,Engineering Block,167,26.4,296.2,6729.9,26.5,7.2
2026-01-11,Computer Lab,251,31.7,372.3,8906.0,30.9,4.0
2026-01-11,Library,170,27.5,180.8,4869.2,10.2,1.8
2026-01-11,Canteen,101,26.5,254.9,5201.7,21.9,2.8
2026-01-11,Hostel,126,29.2,296.5,6670.6,30.2,6.1
2026-01-12,Admin Block,260,29.7,382.3,7322.0,32.7,7.0
2026-01-12,Engineering Block,379,27.7,545.9,11442.2,49.4,11.1
2026-01-12,Computer Lab,333,24.9,522.3,11308.1,51.8,12.5
2026-01-12,Library,198,29.6,369.1,7613.0,28.6,7.6
2026-01-12,Canteen,289,26.3,395.8,8402.7,36.2,7.8
2026-01-12,Hostel,405,34.5,522.1,12720.3,48.9,11.4
2026-01-13,Admin Block,229,23.1,383.8,7231.7,30.3,5.5
2026-01-13,Engineering Block,328,30.4,523.4,11573.6,50.3,11.7
2026-01-13,Computer Lab,391,24.3,637.0,12899.5,61.3,12.1
2026-01-13,Library,203,30.1,409.6,8125.0,29.4,6.2
2026-01-13,Canteen,323,26.3,437.5,9518.2,42.5,7.2
2026-01-13,Hostel,321,22.4,500.7,11746.9,50.2,13.2
2026-01-14,Admin Block,272,25.9,360.8,7575.4,32.5,7.0
2026-01-14,Engineering Block,372,27.9,571.0,10837.7,49.8,13.2
2026-01-14,Computer Lab,410,33.6,623.2,13587.5,56.5,11.4
2026-01-14,Library,180,30.4,284.6,7092.6,33.4,6.4
2026-01-14,Canteen,275,30.5,423.4,9903.1,31.6,7.8
2026-01-14,Hostel,307,24.2,612.4,12556.9,47.9,9.1
2026-01-15,Admin Block,130,27.3,459.0,7412.7,27.7,7.3
2026-01-15,Engineering Block,296,28.0,528.0,11144.0,51.5,10.5
2026-01-15,Computer Lab,426,26.8,635.7,14348.8,52.8,10.6
2026-01-15,Library,254,28.4,379.1,6742.4,36.9,6.2
2026-01-15,Canteen,295,34.0,433.2,8783.3,38.4,8.8
2026-01-15,Hostel,322,31.0,547.8,12796.1,40.8,9.9
2026-01-16,Admin Block,174,26.4,358.0,7233.5,30.2,6.6
2026-01-16,Engineering Block,358,25.8,547.6,11940.7,51.2,10.8
2026-01-16,Computer Lab,413,35.5,621.8,13025.4,53.4,10.4
2026-01-16,Library,164,26.2,305.0,6797.3,28.3,5.1
2026-01-16,Canteen,317,31.4,433.2,9080.6,43.4,8.5
2026-01-16,Hostel,326,28.8,576.1,11485.2,52.5,9.1
2026-01-17,Admin Block,175,33.0,204.7,4675.2,8.4,2.3
2026-01-17,Engineering Block,182,25.6,316.4,7554.2,21.5,4.6
2026-01-17,Computer Lab,229,34.2,301.1,7444.9,39.5,4.4
2026-01-17,Library,69,27.6,152.9,4041.2,16.0,1.2
2026-01-17,Canteen,175,27.2,295.0,4823.1,19.7,5.2
2026-01-17,Hostel,234,30.4,246.1,7261.7,25.1,6.3
2026-01-18,Admin Block,78,30.4,170.7,3120.3,20.0,4.0
2026-01-18,Engineering Block,171,33.6,292.4,6221.9,27.8,4.8
2026-01-18,Computer Lab,238,27.3,313.5,8213.7,26.8,3.5
2026-01-18,Library,170,37.2,191.7,2759.1,16.1,3.0
2026-01-18,Canteen,150,25.4,257.4,5446.9,15.2,5.4
2026-01-18,Hostel,279,29.6,304.0,7044.7,33.7,3.9
2026-01-19,Admin Block,239,27.8,435.0,7561.8,40.5,5.4
2026-01-19,Engineering Block,371,30.0,491.4,11690.3,55.2,9.7
2026-01-19,Computer Lab,343,28.9,562.0,12652.5,54.7,9.6
2026-01-19,Library,151,30.5,299.7,4847.9,31.3,6.3
2026-01-19,Canteen,261,24.8,455.6,9452.1,50.2,8.8
2026-01-19,Hostel,390,28.5,600.0,12796.3,58.9,10.2
2026-01-20,Admin Block,218,27.5,386.3,8543.9,30.4,6.2
2026-01-20,Engineering Block,361,28.2,567.0,10061.3,45.8,9.2
2026-01-20,Computer Lab,321,25.9,551.0,12634.3,59.5,11.3
2026-01-20,Library,171,28.8,364.5,5980.6,24.2,6.7
2026-01-20,Canteen,278,31.1,438.7,9766.1,35.3,8.2
2026-01-20,Hostel,369,25.1,481.0,12730.7,51.1,9.6
2026-01-21,Admin Block,230,32.6,266.0,6657.2,28.6,8.5
2026-01-21,Engineering Block,360,31.5,484.4,10792.3,51.5,10.2
2026-01-21,Computer Lab,422,28.4,613.4,13372.8,60.5,12.6
2026-01-21,Library,151,21.8,349.1,7287.0,23.2,3.8
2026-01-21,Canteen,289,32.0,523.4,9700.6,38.6,7.2
2026-01-21,Hostel,377,28.0,515.8,13656.7,61.0,12.2
2026-01-22,Admin Block,201,31.7,394.2,7772.7,37.6,7.5
2026-01-22,Engineering Block,376,31.0,549.3,10440.7,50.3,9.5
2026-01-22,Computer Lab,358,34.4,699.7,13833.5,56.6,13.2
2026-01-22,Library,208,29.6,270.9,7058.0,29.5,4.4
2026-01-22,Canteen,284,28.7,511.8,9921.2,40.2,8.5
2026-01-22,Hostel,378,28.4,514.2,12231.8,49.6,9.4
2026-01-23,Admin Block,251,30.3,280.1,7655.3,37.8,8.0
2026-01-23,Engineering Block,386,29.1,489.3,10945.6,51.7,10.6
2026-01-23,Computer Lab,448,32.5,609.3,12591.3,56.3,11.9
2026-01-23,Library,200,27.2,323.1,6432.4,26.2,6.4
2026-01-23,Canteen,271,29.8,447.1,8534.4,37.6,10.0
2026-01-23,Hostel,336,22.2,467.2,12138.9,52.0,10.7
2026-01-24,Admin Block,171,20.4,205.9,5433.9,14.0,3.3
2026-01-24,Engineering Block,166,26.1,271.3,7103.9,34.7,5.2
2026-01-24,Computer Lab,288,29.1,417.2,7517.4,33.4,6.8
2026-01-24,Library,225,31.7,158.8,4922.8,17.2,2.7
2026-01-24,Canteen,189,29.1,256.8,5310.1,24.4,5.0
2026-01-24,Hostel,139,31.1,280.2,5499.5,27.1,6.1
2026-01-25,Admin Block,104,31.7,151.2,3819.5,14.8,3.7
2026-01-25,Engineering Block,202,25.8,317.5,6397.0,18.8,3.2
2026-01-25,Computer Lab,221,28.3,330.8,7224.8,32.1,7.5
2026-01-25,Library,75,25.2,118.7,3730.8,20.7,2.8
2026-01-25,Canteen,69,23.5,192.4,4338.5,18.0,4.6
2026-01-25,Hostel,196,32.4,298.5,6161.5,31.0,4.1
2026-01-26,Admin Block,247,29.3,350.4,8747.4,30.4,9.2
2026-01-26,Engineering Block,343,24.9,516.1,10735.4,45.7,10.6
2026-01-26,Computer Lab,422,27.0,640.4,14022.4,63.5,12.3
2026-01-26,Library,255,23.0,289.7,6471.4,30.9,5.3
2026-01-26,Canteen,280,35.0,445.4,9589.0,39.0,8.3
2026-01-26,Hostel,377,30.4,622.3,13395.8,54.3,11.6
2026-01-27,Admin Block,193,28.7,397.3,8007.9,32.8,7.8
2026-01-27,Engineering Block,368,32.8,553.3,11328.8,51.2,6.6
2026-01-27,Computer Lab,416,17.3,511.4,13533.6,59.0,10.2
2026-01-27,Library,183,33.4,311.6,8132.9,28.6,6.5
2026-01-27,Canteen,342,29.4,388.3,9558.7,41.4,6.6
2026-01-27,Hostel,368,26.6,598.2,12302.5,51.4,10.7
2026-01-28,Admin Block,241,31.0,318.0,7008.0,38.0,6.3
2026-01-28,Engineering Block,301,30.4,552.8,10230.0,49.1,11.0
2026-01-28,Computer Lab,416,31.0,546.8,13455.2,55.5,11.0
2026-01-28,Library,238,33.7,415.2,7804.6,29.5,6.4
2026-01-28,Canteen,312,29.4,439.3,10015.4,40.5,7.4
2026-01-28,Hostel,362,31.0,572.1,12471.1,55.6,10.4
2026-01-29,Admin Block,260,30.2,304.6,8717.5,31.2,4.8
2026-01-29,Engineering Block,314,25.7,517.8,11112.0,46.8,10.9
2026-01-29,Computer Lab,414,30.0,624.9,13630.5,47.4,11.2
2026-01-29,Library,131,29.1,318.1,7094.6,32.6,6.2
2026-01-29,Canteen,268,30.6,413.8,9259.1,44.1,7.6
2026-01-29,Hostel,405,31.2,529.7,13098.0,56.8,11.0
2026-01-30,Admin Block,207,26.3,322.4,7867.7,27.9,7.3
2026-01-30,Engineering Block,307,28.3,529.5,12844.3,42.0,11.9
2026-01-30,Computer Lab,408,30.3,612.9,13489.1,56.0,13.4
2026-01-30,Library,192,32.6,301.6,6680.8,24.0,6.5
2026-01-30,Canteen,336,28.8,422.4,8875.5,40.4,6.3
2026-01-30,Hostel,345,29.7,626.8,13991.0,49.5,12.6
2026-01-31,Admin Block,137,28.5,219.8,4289.2,18.8,3.2
2026-01-31,Engineering Block,144,24.1,311.5,5886.1,23.2,5.6
2026-01-31,Computer Lab,249,29.6,310.5,8180.1,38.9,7.0
2026-01-31,Library,148,33.0,246.1,4307.2,19.6,3.9
2026-01-31,Canteen,118,31.2,190.6,4429.5,27.0,5.5
2026-01-31,Hostel,259,28.1,262.0,6880.7,30.9,6.1
2026-02-01,Admin Block,168,27.8,213.7,3761.4,21.1,3.7
2026-02-01,Engineering Block,166,28.2,285.1,6000.4,34.4,5.5
2026-02-01,Computer Lab,213,22.3,283.7,7032.0,27.8,8.1
2026-02-01,Library,108,33.1,198.3,3732.2,15.5,3.3
2026-02-01,Canteen,217,21.6,139.8,5087.9,23.6,5.4
2026-02-01,Hostel,223,27.8,358.7,7526.6,30.3,7.1
2026-02-02,Admin Block,243,27.2,381.1,7766.9,33.1,8.5
2026-02-02,Engineering Block,265,24.5,459.6,10808.9,46.0,8.3
2026-02-02,Computer Lab,368,26.2,703.8,14171.1,53.8,11.2
2026-02-02,Library,167,22.9,298.7,5946.4,27.8,4.1
2026-02-02,Canteen,259,29.5,450.2,9486.4,33.5,9.3
2026-02-02,Hostel,348,31.0,571.5,11285.3,50.8,11.3
2026-02-03,Admin Block,255,28.5,423.2,8409.9,32.2,7.7
2026-02-03,Engineering Block,418,35.3,493.8,11207.8,57.6,8.9
2026-02-03,Computer Lab,356,27.4,616.3,12873.4,52.5,10.8
2026-02-03,Library,183,26.2,410.9,6868.4,32.6,5.4
2026-02-03,Canteen,279,26.7,304.6,8419.3,31.8,5.6
2026-02-03,Hostel,335,33.2,577.7,12953.9,53.7,11.8
2026-02-04,Admin Block,202,30.7,394.7,7115.2,34.6,7.4
2026-02-04,Engineering Block,331,25.4,461.1,11431.2,50.2,9.2
2026-02-04,Computer Lab,403,30.8,637.1,14183.7,62.3,10.4
2026-02-04,Library,266,27.3,359.1,7134.2,28.8,3.8
2026-02-04,Canteen,279,24.0,461.5,10300.9,36.4,8.6
2026-02-04,Hostel,351,27.0,592.9,12170.0,60.1,10.3
2026-02-05,Admin Block,268,29.3,392.9,7529.3,33.5,6.6
2026-02-05,Engineering Block,321,31.1,563.6,11710.8,55.4,11.9
2026-02-05,Computer Lab,389,30.2,579.1,13120.2,53.5,13.6
2026-02-05,Library,220,28.3,369.3,5449.1,20.4,7.0
2026-02-05,Canteen,288,29.8,375.1,9344.9,49.2,9.2
2026-02-05,Hostel,382,27.6,542.3,10966.0,54.2,11.9
2026-02-06,Admin Block,178,26.9,296.6,6742.5,31.7,4.2
2026-02-06,Engineering Block,372,31.4,524.1,9967.5,45.3,11.6
2026-02-06,Computer Lab,305,27.9,546.0,13208.0,51.1,12.1
2026-02-06,Library,227,34.9,329.5,7139.4,23.0,7.4
2026-02-06,Canteen,259,27.2,424.7,8199.1,40.5,9.4
2026-02-06,Hostel,387,23.9,545.4,12857.3,44.7,9.6
2026-02-07,Admin Block,159,29.9,223.8,5567.7,20.9,4.5
2026-02-07,Engineering Block,287,28.3,257.8,7059.1,31.4,4.9
2026-02-07,Computer Lab,185,36.4,378.6,6587.0,34.3,6.3
2026-02-07,Library,105,30.8,129.4,3922.2,24.4,3.9
2026-02-07,Canteen,144,27.4,219.8,4910.9,20.0,5.6
2026-02-07,Hostel,146,31.8,309.8,6717.0,22.5,7.6
2026-02-08,Admin Block,172,32.1,144.8,4962.9,21.0,1.8
2026-02-08,Engineering Block,192,30.2,325.4,6421.2,28.4,7.3
2026-02-08,Computer Lab,264,19.8,309.7,7351.0,24.3,6.5
2026-02-08,Library,158,25.5,184.1,3362.7,14.1,5.1
2026-02-08,Canteen,138,30.5,164.9,6256.5,24.3,4.3
2026-02-08,Hostel,227,24.5,356.3,6666.4,28.7,5.4
2026-02-09,Admin Block,213,31.2,375.2,7968.6,32.3,7.4
2026-02-09,Engineering Block,336,36.1,481.3,12219.6,55.1,9.1
2026-02-09,Computer Lab,481,32.2,657.9,13583.2,57.5,11.4
2026-02-09,Library,221,33.5,341.9,6272.6,33.2,7.1
2026-02-09,Canteen,308,31.4,428.2,8856.2,36.8,6.3
2026-02-09,Hostel,385,28.7,544.2,10443.8,47.5,12.2
2026-02-10,Admin Block,210,30.2,297.6,8465.2,31.6,7.1
2026-02-10,Engineering Block,432,33.9,530.4,11494.4,49.8,10.7
2026-02-10,Computer Lab,399,27.7,664.5,13080.8,66.8,11.7
2026-02-10,Library,270,30.1,365.2,6639.0,26.9,6.6
2026-02-10,Canteen,320,29.1,374.5,8635.8,34.6,6.1
2026-02-10,Hostel,380,32.6,577.0,10870.7,52.1,10.7
2026-02-11,Admin Block,307,24.3,324.4,9123.8,36.7,7.4
2026-02-11,Engineering Block,355,30.1,565.8,10968.8,53.3,8.5
2026-02-11,Computer Lab,414,29.6,577.4,13215.3,54.0,10.3
2026-02-11,Library,195,25.5,320.3,5987.4,32.1,4.6
2026-02-11,Canteen,266,27.0,484.6,9464.7,38.7,8.8
2026-02-11,Hostel,303,28.9,654.5,12041.0,51.4,11.5
2026-02-12,Admin Block,265,22.6,266.3,7941.7,30.4,8.3
2026-02-12,Engineering Block,339,22.8,455.9,9627.7,47.9,9.9
2026-02-12,Computer Lab,388,32.5,669.2,12989.2,46.6,12.4
2026-02-12,Library,227,30.0,365.7,6137.9,38.7,4.8
2026-02-12,Canteen,312,23.6,376.1,10465.6,39.6,9.3
2026-02-12,Hostel,385,28.7,625.3,12211.2,45.1,9.9
2026-02-13,Admin Block,253,30.3,290.0,7274.2,30.7,6.3
2026-02-13,Engineering Block,302,27.0,487.2,11731.5,51.7,10.0
2026-02-13,Computer Lab,389,29.4,567.7,12359.6,52.0,10.9
2026-02-13,Library,167,29.5,352.6,5563.4,28.3,5.7
2026-02-13,Canteen,297,29.0,366.6,8584.4,40.6,9.5
2026-02-13,Hostel,299,30.1,622.4,11835.5,53.5,10.0
2026-02-14,Admin Block,124,23.8,82.6,4796.8,13.5,3.2
2026-02-14,Engineering Block,144,24.5,274.3,5591.8,27.6,6.1
2026-02-14,Computer Lab,232,29.8,411.7,6604.1,31.1,7.8
2026-02-14,Library,158,24.5,153.1,4840.8,19.4,3.5
2026-02-14,Canteen,149,27.8,252.7,4937.0,21.7,4.6
2026-02-14,Hostel,183,30.7,454.1,5502.0,30.0,5.1
2026-02-15,Admin Block,148,29.1,236.7,5068.1,19.4,5.1
2026-02-15,Engineering Block,110,34.1,330.9,6596.6,19.5,4.6
2026-02-15,Computer Lab,226,28.9,840.72,17540.38,41.940000000000005,10.639999999999999
2026-02-15,Library,114,28.3,112.5,4065.0,5.2,4.1
2026-02-15,Canteen,105,29.2,239.2,5641.2,20.0,3.7
2026-02-15,Hostel,189,33.1,355.5,6436.3,27.6,4.1
2026-02-16,Admin Block,247,23.4,375.8,7798.6,43.9,5.4
2026-02-16,Engineering Block,347,34.8,600.9,11002.5,50.2,10.1
2026-02-16,Computer Lab,412,26.8,591.3,12181.3,57.4,12.2
2026-02-16,Library,200,23.8,348.5,6996.9,25.7,5.7
2026-02-16,Canteen,233,25.7,396.2,9883.5,35.9,9.0
2026-02-16,Hostel,358,29.8,561.4,12797.5,50.0,9.0
2026-02-17,Admin Block,185,27.3,293.8,7671.6,29.5,9.6
2026-02-17,Engineering Block,290,29.7,478.7,10849.3,48.4,7.3
2026-02-17,Computer Lab,411,35.1,603.9,13383.9,61.4,11.4
2026-02-17,Library,187,21.7,332.8,6621.4,24.1,6.2
2026-02-17,Canteen,265,27.3,453.3,8375.1,44.3,6.6
2026-02-17,Hostel,353,35.2,637.4,12268.4,48.1,10.2
2026-02-18,Admin Block,236,29.1,352.3,7640.0,31.9,5.0
2026-02-18,Engineering Block,332,31.9,475.6,11256.8,45.1,10.3
2026-02-18,Computer Lab,389,33.7,642.2,12252.3,59.2,10.7
2026-02-18,Library,187,30.0,299.4,7275.4,25.2,5.3
2026-02-18,Canteen,263,27.2,475.2,9643.7,47.3,11.0
2026-02-18,Hostel,340,29.2,512.8,11634.6,49.2,9.6
2026-02-19,Admin Block,197,28.5,299.5,8012.4,27.8,10.1
2026-02-19,Engineering Block,335,29.2,469.4,12504.0,53.9,10.5
2026-02-19,Computer Lab,355,29.7,555.0,13885.5,59.0,11.7
2026-02-19,Library,122,25.9,338.1,7158.4,32.0,4.1
2026-02-19,Canteen,296,32.2,368.6,9394.9,41.6,7.9
2026-02-19,Hostel,312,28.0,546.8,11903.8,48.8,10.3
2026-02-20,Admin Block,232,30.4,347.2,7373.7,33.2,4.4
2026-02-20,Engineering Block,367,29.0,528.8,12179.5,40.9,7.8
2026-02-20,Computer Lab,412,29.0,610.7,12919.6,59.8,12.7
2026-02-20,Library,224,28.2,220.4,7380.0,35.1,6.8
2026-02-20,Canteen,255,31.2,478.4,10208.2,35.4,8.0
2026-02-20,Hostel,403,29.2,515.4,12724.5,56.2,11.0
2026-02-21,Admin Block,136,28.2,265.8,3658.6,15.6,3.7
2026-02-21,Engineering Block,223,24.2,223.2,5136.5,28.0,4.2
2026-02-21,Computer Lab,208,31.1,316.4,7328.3,29.4,7.2
2026-02-21,Library,131,26.8,165.9,4501.4,18.2,1.6
2026-02-21,Canteen,180,25.5,295.2,5921.7,24.0,4.7
2026-02-21,Hostel,200,31.2,308.1,6895.1,32.8,5.3
2026-02-22,Admin Block,107,25.2,140.9,2910.5,20.8,5.9
2026-02-22,Engineering Block,242,23.8,314.8,7480.4,26.3,5.7
2026-02-22,Computer Lab,151,29.9,293.2,7022.8,22.3,7.0
2026-02-22,Library,150,26.5,121.3,2516.6,15.8,2.6
2026-02-22,Canteen,103,30.4,228.6,4171.8,18.2,5.8
2026-02-22,Hostel,228,28.6,343.5,6127.4,29.8,6.2
2026-02-23,Admin Block,217,30.4,325.8,7896.4,34.9,3.2
2026-02-23,Engineering Block,392,19.2,485.3,12346.5,48.9,8.4
2026-02-23,Computer Lab,364,32.3,528.1,13713.8,55.4,10.2
2026-02-23,Library,187,25.7,345.4,7171.1,20.9,5.5
2026-02-23,Canteen,255,33.1,385.6,10237.7,39.2,6.9
2026-02-23,Hostel,353,26.4,498.5,12266.6,46.8,8.3
2026-02-24,Admin Block,220,23.2,308.2,6989.1,28.6,9.2
2026-02-24,Engineering Block,352,29.8,449.9,11054.9,50.3,8.9
2026-02-24,Computer Lab,434,25.2,576.8,12949.1,58.1,10.9
2026-02-24,Library,198,28.2,282.2,7065.3,30.0,5.9
2026-02-24,Canteen,270,31.5,430.1,9070.6,40.2,10.3
2026-02-24,Hostel,330,31.5,488.6,12231.2,58.8,11.5
2026-02-25,Admin Block,239,27.2,351.1,7511.2,29.4,6.4
2026-02-25,Engineering Block,357,26.5,482.0,10620.8,51.2,10.8
2026-02-25,Computer Lab,411,32.1,617.8,13469.8,58.1,11.5
2026-02-25,Library,189,36.1,322.5,6272.2,30.7,6.3
2026-02-25,Canteen,236,32.6,440.4,8377.9,44.2,9.0
2026-02-25,Hostel,332,34.7,614.6,12093.4,59.0,11.1
2026-02-26,Admin Block,233,26.9,374.8,7954.8,32.9,5.8
2026-02-26,Engineering Block,355,28.8,466.3,10538.3,51.9,7.0
2026-02-26,Computer Lab,410,27.5,656.6,12889.2,59.7,11.1
2026-02-26,Library,211,31.4,305.6,7462.8,24.8,6.4
2026-02-26,Canteen,318,31.1,525.6,9013.8,34.7,7.1
2026-02-26,Hostel,400,30.6,575.2,11710.1,57.0,9.4
2026-02-27,Admin Block,274,38.1,404.3,8229.0,31.6,4.6
2026-02-27,Engineering Block,329,25.5,449.6,12484.5,50.0,10.6
2026-02-27,Computer Lab,392,28.4,644.3,13099.0,58.7,11.4
2026-02-27,Library,196,24.5,215.0,6570.0,29.2,4.5
2026-02-27,Canteen,284,29.2,335.7,8745.2,41.9,8.7
2026-02-27,Hostel,336,29.5,612.8,12625.1,51.5,10.3
2026-02-28,Admin Block,106,30.5,216.1,4503.1,18.1,4.7
2026-02-28,Engineering Block,196,31.5,344.1,5803.1,19.0,7.4
2026-02-28,Computer Lab,230,23.5,291.8,7789.7,30.1,5.8
2026-02-28,Library,163,25.6,133.4,4120.4,19.0,3.9
2026-02-28,Canteen,189,29.6,268.0,5132.5,23.2,4.7
2026-02-28,Hostel,214,31.5,350.8,6840.7,25.6,6.1
2026-03-01,Admin Block,127,29.6,303.5,3858.5,19.9,5.0
2026-03-01,Engineering Block,196,36.5,305.4,6536.7,23.6,5.1
2026-03-01,Computer Lab,230,31.7,361.8,8106.4,30.9,6.0
2026-03-01,Library,209,30.3,153.4,3761.7,14.2,4.4
2026-03-01,Canteen,144,29.4,242.4,5551.5,17.9,3.2
2026-03-01,Hostel,215,30.9,338.7,6290.9,32.3,5.1
2026-03-02,Admin Block,215,26.0,404.1,7966.7,35.1,8.2
2026-03-02,Engineering Block,449,23.5,479.8,11564.5,47.9,8.8
2026-03-02,Computer Lab,392,25.1,604.4,13153.6,58.5,12.2
2026-03-02,Library,229,27.8,409.3,7057.4,21.3,4.8
2026-03-02,Canteen,225,29.1,426.9,8740.5,47.7,8.9
2026-03-02,Hostel,402,26.0,509.5,12473.9,54.3,8.6
2026-03-03,Admin Block,227,29.0,346.3,7086.3,30.2,6.5
2026-03-03,Engineering Block,354,30.9,582.3,11298.7,47.3,10.7
2026-03-03,Computer Lab,424,27.6,633.7,13916.7,62.9,13.8
2026-03-03,Library,177,29.0,318.5,6581.3,25.5,4.2
2026-03-03,Canteen,289,26.5,427.1,8848.9,35.3,8.5
2026-03-03,Hostel,382,30.9,670.0,12530.2,55.2,9.6
2026-03-04,Admin Block,188,34.1,332.3,6741.4,31.5,6.6
2026-03-04,Engineering Block,319,28.0,578.8,10791.1,42.2,11.3
2026-03-04,Computer Lab,420,27.0,524.8,12776.0,56.8,13.0
2026-03-04,Library,171,28.7,347.3,5067.2,32.9,4.6
2026-03-04,Canteen,297,29.8,483.6,9763.1,29.7,7.3
2026-03-04,Hostel,381,28.4,584.4,12858.1,55.8,10.6
2026-03-05,Admin Block,169,27.5,369.5,6616.2,34.1,7.8
2026-03-05,Engineering Block,355,19.2,455.5,12721.0,46.9,7.7
2026-03-05,Computer Lab,446,29.0,652.7,13570.0,59.7,12.1
2026-03-05,Library,232,36.3,387.2,5892.8,31.8,7.4
2026-03-05,Canteen,328,27.6,479.5,10163.0,52.8,7.3
2026-03-05,Hostel,359,28.0,539.4,11656.5,40.0,10.4
2026-03-06,Admin Block,246,27.4,437.5,7718.7,39.0,7.1
2026-03-06,Engineering Block,379,29.9,591.7,11651.4,52.2,10.6
2026-03-06,Computer Lab,392,30.3,708.1,12944.2,58.2,13.1
2026-03-06,Library,247,29.0,210.7,7330.9,20.2,7.8
2026-03-06,Canteen,291,32.2,402.6,8365.9,41.4,8.2
2026-03-06,Hostel,359,29.3,690.6,12777.4,57.2,11.9
2026-03-07,Admin Block,180,28.4,107.5,4341.4,23.0,2.5
2026-03-07,Engineering Block,186,26.8,356.0,6763.1,29.9,6.3
2026-03-07,Computer Lab,220,29.6,286.7,5816.8,31.8,6.8
2026-03-07,Library,156,34.0,269.3,3299.3,15.5,3.9
2026-03-07,Canteen,245,33.7,310.7,5328.9,20.3,5.5
2026-03-07,Hostel,168,28.2,309.1,7617.4,26.5,3.1
2026-03-08,Admin Block,146,26.8,196.3,4237.6,17.3,4.7
2026-03-08,Engineering Block,139,27.3,321.0,5641.8,18.5,6.4
2026-03-08,Computer Lab,260,28.9,249.4,7896.9,24.6,6.8
2026-03-08,Library,83,25.3,148.4,3463.9,12.4,4.0
2026-03-08,Canteen,141,32.1,267.4,4607.6,17.8,2.6
2026-03-08,Hostel,217,27.9,206.5,6478.8,25.3,7.9
2026-03-09,Admin Block,174,24.4,391.9,8231.9,28.0,6.0
2026-03-09,Engineering Block,372,21.6,429.2,11397.5,56.8,9.6
2026-03-09,Computer Lab,406,32.6,710.4,12815.0,56.6,13.8
2026-03-09,Library,154,32.3,283.7,6596.6,26.8,4.9
2026-03-09,Canteen,251,29.9,479.9,9090.7,39.6,8.9
2026-03-09,Hostel,342,31.4,610.3,13842.4,50.4,10.3
2026-03-10,Admin Block,260,31.6,341.0,7517.9,35.9,5.8
2026-03-10,Engineering Block,336,29.3,572.9,11007.0,40.6,7.8
2026-03-10,Computer Lab,358,24.8,582.0,12177.2,52.3,10.7
2026-03-10,Library,192,33.2,362.5,6730.5,26.7,5.5
2026-03-10,Canteen,297,30.9,397.8,9428.7,31.3,8.5
2026-03-10,Hostel,403,28.1,643.6,11882.2,54.6,10.8
2026-03-11,Admin Block,230,28.6,359.4,8181.2,38.9,6.7
2026-03-11,Engineering Block,379,26.8,553.8,11119.7,54.9,12.8
2026-03-11,Computer Lab,398,22.0,564.3,13950.7,58.9,11.9
2026-03-11,Library,243,30.6,378.4,7572.6,36.9,6.4
2026-03-11,Canteen,317,28.0,401.4,10614.4,41.9,9.2
2026-03-11,Hostel,381,27.1,558.8,13278.4,55.5,8.8
2026-03-12,Admin Block,226,34.7,366.3,6439.7,41.2,7.6
2026-03-12,Engineering Block,348,27.8,571.5,11107.7,54.4,10.8
2026-03-12,Computer Lab,411,29.5,596.9,13894.7,52.9,9.7
2026-03-12,Library,229,31.0,346.6,7170.0,28.3,6.9
2026-03-12,Canteen,284,27.4,412.4,10653.4,32.3,8.8
2026-03-12,Hostel,318,28.7,544.4,10674.7,53.2,10.4
2026-03-13,Admin Block,160,31.7,430.0,8248.6,32.6,6.8
2026-03-13,Engineering Block,397,34.4,596.9,11093.0,51.3,10.7
2026-03-13,Computer Lab,339,30.5,710.5,13271.0,61.6,11.8
2026-03-13,Library,205,30.2,285.5,6158.5,34.8,7.6
2026-03-13,Canteen,251,32.1,438.9,9395.9,41.3,9.4
2026-03-13,Hostel,379,33.5,594.7,12740.7,49.2,13.5
2026-03-14,Admin Block,145,31.3,137.8,3754.2,24.0,4.1
2026-03-14,Engineering Block,126,32.3,283.2,6893.4,25.0,5.8
2026-03-14,Computer Lab,262,26.1,283.1,7320.3,35.8,4.8
2026-03-14,Library,56,31.6,163.2,3193.1,6.2,2.5
2026-03-14,Canteen,157,32.0,219.7,6218.3,19.0,3.7
2026-03-14,Hostel,261,29.7,294.7,6946.2,36.5,7.7
2026-03-15,Admin Block,100,28.9,205.8,3422.9,17.1,3.7
2026-03-15,Engineering Block,232,32.9,295.0,6366.9,31.1,4.9
2026-03-15,Computer Lab,242,28.7,293.3,6726.1,38.1,6.2
2026-03-15,Library,171,27.4,188.7,5578.2,12.7,1.0
2026-03-15,Canteen,202,26.4,233.9,4985.2,24.4,3.4
2026-03-15,Hostel,201,30.4,276.6,6291.9,27.4,4.3
2026-03-16,Admin Block,219,29.4,339.4,7398.6,32.4,6.0
2026-03-16,Engineering Block,375,33.6,522.2,11910.4,48.8,10.6
2026-03-16,Computer Lab,457,30.6,528.8,13740.1,63.5,11.4
2026-03-16,Library,242,26.8,243.5,7061.8,22.1,5.7
2026-03-16,Canteen,331,22.9,360.4,8904.2,41.0,7.8
2026-03-16,Hostel,425,32.1,598.1,12659.7,55.9,9.8
2026-03-17,Admin Block,264,25.4,381.0,8571.0,34.5,6.5
2026-03-17,Engineering Block,365,19.8,526.6,11471.3,49.4,11.0
2026-03-17,Computer Lab,400,25.4,584.0,13203.9,57.0,11.8
2026-03-17,Library,244,25.5,313.7,7818.5,22.3,6.2
2026-03-17,Canteen,265,27.8,387.1,9134.8,47.9,6.7
2026-03-17,Hostel,336,24.8,628.7,11819.5,51.8,10.4
2026-03-18,Admin Block,200,28.2,463.8,8384.8,28.2,7.5
2026-03-18,Engineering Block,321,23.3,558.9,12079.1,53.2,9.6
2026-03-18,Computer Lab,397,31.4,629.0,12889.1,49.1,11.8
2026-03-18,Library,245,25.2,333.4,7200.5,33.5,7.0
2026-03-18,Canteen,261,23.8,394.0,9802.9,37.1,7.4
2026-03-18,Hostel,313,34.6,621.8,12505.4,55.7,11.6
2026-03-19,Admin Block,225,28.5,335.0,9317.6,35.1,6.2
2026-03-19,Engineering Block,367,25.8,583.5,11125.3,51.9,11.4
2026-03-19,Computer Lab,416,29.3,604.5,13203.3,54.3,11.1
2026-03-19,Library,259,28.7,281.6,6719.4,35.4,6.8
2026-03-19,Canteen,305,28.2,455.0,9026.7,39.5,9.4
2026-03-19,Hostel,407,25.9,515.7,12545.7,61.4,8.6
2026-03-20,Admin Block,243,24.6,313.5,7458.1,31.2,6.1
2026-03-20,Engineering Block,351,27.3,455.2,11981.9,52.7,11.1
2026-03-20,Computer Lab,349,30.0,636.9,12234.7,55.3,11.5
2026-03-20,Library,272,35.2,264.8,8741.1,26.7,7.2
2026-03-20,Canteen,319,25.8,443.0,9445.1,43.5,8.5
2026-03-20,Hostel,418,29.2,558.1,13242.4,56.6,11.8
2026-03-21,Admin Block,105,25.7,165.0,3685.5,21.0,4.9
2026-03-21,Engineering Block,187,33.6,373.8,6439.2,23.3,7.5
2026-03-21,Computer Lab,219,29.4,324.1,6654.6,24.4,7.2
2026-03-21,Library,86,38.8,166.6,2780.7,17.6,5.1
2026-03-21,Canteen,159,30.8,167.2,4710.6,17.3,2.3
2026-03-21,Hostel,211,21.8,243.6,6447.8,25.5,6.5
2026-03-22,Admin Block,139,31.9,246.1,5000.5,18.3,4.1
2026-03-22,Engineering Block,210,29.5,280.0,6179.9,23.8,6.1
2026-03-22,Computer Lab,218,26.9,300.8,6441.2,35.4,6.5
2026-03-22,Library,84,31.6,165.1,2673.8,19.9,2.7
2026-03-22,Canteen,142,29.1,295.7,5079.0,16.3,5.2
2026-03-22,Hostel,190,35.0,338.0,5239.2,30.3,8.3
2026-03-23,Admin Block,289,34.9,330.8,8517.9,31.0,7.0
2026-03-23,Engineering Block,306,26.9,489.2,11834.1,51.8,10.5
2026-03-23,Computer Lab,355,28.0,565.9,13500.3,60.7,12.9
2026-03-23,Library,181,20.2,224.5,7589.1,26.7,5.1
2026-03-23,Canteen,343,33.0,447.1,9444.3,41.0,8.5
2026-03-23,Hostel,433,30.4,602.6,13365.0,49.1,11.8
2026-03-24,Admin Block,223,20.9,246.2,6933.2,35.0,6.9
2026-03-24,Engineering Block,357,35.2,491.6,11487.2,50.8,9.2
2026-03-24,Computer Lab,403,23.9,652.4,12732.0,65.7,11.6
2026-03-24,Library,243,28.8,315.9,6595.4,30.6,6.4
2026-03-24,Canteen,258,28.6,403.1,10704.8,39.0,10.1
2026-03-24,Hostel,370,29.8,508.3,11999.4,53.7,12.8
2026-03-25,Admin Block,241,33.4,400.2,8742.8,32.8,9.6
2026-03-25,Engineering Block,334,26.5,463.8,12905.2,52.5,9.7
2026-03-25,Computer Lab,446,31.2,699.2,12383.9,56.5,11.1
2026-03-25,Library,138,32.4,317.7,6930.8,38.1,5.6
2026-03-25,Canteen,271,29.4,477.8,8906.6,36.9,9.5
2026-03-25,Hostel,390,22.5,495.9,13365.8,55.1,10.0
2026-03-26,Admin Block,228,29.0,389.1,6737.1,28.9,7.1
2026-03-26,Engineering Block,347,30.8,478.0,11687.1,54.1,10.7
2026-03-26,Computer Lab,407,28.7,564.4,13148.2,62.3,11.5
2026-03-26,Library,176,27.4,321.4,6397.2,30.6,6.6
2026-03-26,Canteen,317,33.6,492.9,8897.7,36.9,8.2
2026-03-26,Hostel,361,25.4,532.5,11936.6,49.5,10.5
2026-03-27,Admin Block,275,29.6,469.3,7965.8,32.6,6.8
2026-03-27,Engineering Block,359,30.4,625.4,10965.5,53.3,10.4
2026-03-27,Computer Lab,348,31.5,668.8,12342.8,55.2,9.6
2026-03-27,Library,163,32.4,308.9,5854.3,29.1,5.4
2026-03-27,Canteen,269,31.4,388.1,8676.5,40.4,9.4
2026-03-27,Hostel,420,26.9,599.8,12030.3,62.2,9.5
2026-03-28,Admin Block,175,26.9,285.3,4823.4,14.7,3.1
2026-03-28,Engineering Block,220,32.4,304.9,6475.0,31.2,5.7
2026-03-28,Computer Lab,176,26.4,339.4,7808.1,37.2,7.3
2026-03-28,Library,124,31.4,159.6,3688.4,12.6,1.8
2026-03-28,Canteen,168,29.6,276.9,5551.0,23.4,5.2
2026-03-28,Hostel,205,30.3,288.9,7007.3,32.1,5.2
2026-03-29,Admin Block,130,27.0,171.4,3482.8,23.8,5.0
2026-03-29,Engineering Block,211,35.3,309.7,8371.6,26.5,5.9
2026-03-29,Computer Lab,207,30.2,379.8,7099.0,38.7,6.7
2026-03-29,Library,123,26.1,189.9,3695.9,13.5,2.4
2026-03-29,Canteen,250,28.2,175.5,5152.2,24.2,5.2
2026-03-29,Hostel,226,31.2,295.7,7093.3,25.6,5.2
2026-03-30,Admin Block,201,25.2,390.6,7932.6,36.4,6.8
2026-03-30,Engineering Block,378,23.4,551.8,11725.1,52.8,10.6
2026-03-30,Computer Lab,368,24.2,557.0,13367.2,58.8,10.0
2026-03-30,Library,173,26.7,293.9,5739.7,21.9,5.0
2026-03-30,Canteen,289,25.2,413.5,10053.1,34.4,8.0
2026-03-30,Hostel,412,27.7,588.0600000000001,33140.75,62.879999999999995,12.2
2026-03-31,Admin Block,249,27.9,373.7,7933.3,37.8,6.1
2026-03-31,Engineering Block,352,28.8,558.0,10813.6,53.9,10.7
2026-03-31,Computer Lab,356,32.9,717.2,13591.2,61.8,11.7
2026-03-31,Library,149,23.1,315.5,6120.2,23.6,5.9
2026-03-31,Canteen,307,24.4,397.8,10436.4,35.8,9.3
2026-03-31,Hostel,360,30.7,620.3,12721.8,56.6,9.5
2026-04-01,Admin Block,272,26.3,358.2,8007.9,36.0,7.2
2026-04-01,Engineering Block,321,24.7,552.3,11445.8,53.7,10.1
2026-04-01,Computer Lab,353,32.1,597.2,13147.3,52.4,13.6
2026-04-01,Library,177,27.9,319.0,5935.1,29.9,7.9
2026-04-01,Canteen,268,30.3,312.8,9234.7,38.3,7.3
2026-04-01,Hostel,414,28.0,553.5,12264.8,45.2,9.5
2026-04-02,Admin Block,267,22.2,307.5,7555.2,41.5,7.7
2026-04-02,Engineering Block,331,33.2,508.4,12030.9,42.7,11.4
2026-04-02,Computer Lab,388,25.7,581.7,13280.3,54.0,12.3
2026-04-02,Library,187,31.0,344.9,6655.4,26.7,6.2
2026-04-02,Canteen,305,35.6,497.4,10079.4,54.5,8.9
2026-04-02,Hostel,393,31.3,527.6,12116.5,51.0,11.7
2026-04-03,Admin Block,227,29.4,406.3,8176.0,31.9,5.9
2026-04-03,Engineering Block,390,31.5,463.5,11466.4,51.0,11.1
2026-04-03,Computer Lab,434,29.9,632.5,13371.7,54.3,11.3
2026-04-03,Library,208,28.9,232.8,6541.6,29.5,5.7
2026-04-03,Canteen,277,30.6,389.0,8246.8,38.4,9.2
2026-04-03,Hostel,436,31.5,507.7,12469.0,55.6,11.1
2026-04-04,Admin Block,147,26.1,194.9,4572.2,22.2,2.7
2026-04-04,Engineering Block,180,20.3,254.2,5905.1,22.2,5.8
2026-04-04,Computer Lab,219,21.8,333.6,6629.6,33.2,4.9
2026-04-04,Library,115,28.1,191.7,3824.1,14.9,1.5
2026-04-04,Canteen,105,27.1,236.9,4485.6,23.6,4.2
2026-04-04,Hostel,173,28.1,324.1,6818.2,36.7,5.2
2026-04-05,Admin Block,126,30.4,205.9,3868.6,11.0,3.1
2026-04-05,Engineering Block,155,23.5,246.3,5440.4,28.8,6.3
2026-04-05,Computer Lab,190,28.2,251.5,6766.7,32.1,7.4
2026-04-05,Library,89,32.4,124.9,2802.0,18.6,5.3
2026-04-05,Canteen,174,28.9,144.8,3911.4,23.1,4.1
2026-04-05,Hostel,168,29.2,322.9,7195.9,28.7,7.5
2026-04-06,Admin Block,234,28.6,402.5,7014.0,45.5,7.2
2026-04-06,Engineering Block,364,30.7,617.4,12055.1,42.4,11.8
2026-04-06,Computer Lab,391,29.3,546.5,13457.0,53.3,11.7
2026-04-06,Library,198,35.2,428.9,6780.2,29.2,5.6
2026-04-06,Canteen,324,27.9,409.2,10176.1,38.7,8.2
2026-04-06,Hostel,321,31.3,660.4,12513.8,58.1,9.9
2026-04-07,Admin Block,242,26.0,335.3,8191.9,33.5,5.1
2026-04-07,Engineering Block,304,24.6,535.1,12581.5,54.2,7.8
2026-04-07,Computer Lab,452,32.0,544.0,13222.9,62.7,12.3
2026-04-07,Library,162,31.0,228.8,6425.2,33.2,6.0
2026-04-07,Canteen,268,31.8,485.7,10111.5,43.6,9.5
2026-04-07,Hostel,402,29.8,571.8,12295.8,48.1,9.7
2026-04-08,Admin Block,224,29.8,423.6,7572.8,37.1,8.0
2026-04-08,Engineering Block,342,30.9,522.7,12289.4,51.9,8.7
2026-04-08,Computer Lab,408,34.3,613.4,13491.0,59.2,10.4
2026-04-08,Library,225,24.5,275.8,7584.2,31.2,5.6
2026-04-08,Canteen,301,28.8,431.9,9851.9,37.3,8.3
2026-04-08,Hostel,366,23.9,509.6,13289.3,54.4,9.3
2026-04-09,Admin Block,180,28.6,424.9,7258.6,37.4,7.2
2026-04-09,Engineering Block,367,24.7,555.2,11337.3,53.6,9.1
2026-04-09,Computer Lab,409,30.1,599.9,13468.0,55.5,10.8
2026-04-09,Library,264,32.4,295.7,7449.5,27.3,4.6
2026-04-09,Canteen,322,23.5,459.7,9365.7,40.1,8.7
2026-04-09,Hostel,397,26.4,588.2,12498.7,47.8,10.7
2026-04-10,Admin Block,282,34.4,407.2,7116.3,36.3,7.8
2026-04-10,Engineering Block,376,31.5,552.1,11552.9,47.2,7.8
2026-04-10,Computer Lab,414,29.6,630.2,12360.6,59.8,14.1
2026-04-10,Library,210,28.8,331.2,8131.0,24.6,6.2
2026-04-10,Canteen,258,27.2,423.5,10085.8,47.6,8.8
2026-04-10,Hostel,363,37.0,573.8,11883.8,44.6,12.6
2026-04-11,Admin Block,162,36.7,166.5,5321.8,19.2,4.7
2026-04-11,Engineering Block,135,33.7,348.0,5995.7,28.6,4.7
2026-04-11,Computer Lab,201,27.5,249.3,7703.1,36.0,5.6
2026-04-11,Library,126,28.2,193.2,3390.1,12.4,4.6
2026-04-11,Canteen,155,35.5,268.7,4529.0,27.5,5.3
2026-04-11,Hostel,232,32.8,301.0,6819.3,29.0,4.4
2026-04-12,Admin Block,119,33.3,227.8,3284.1,10.8,5.7
2026-04-12,Engineering Block,189,26.9,276.5,5330.7,33.4,5.1
2026-04-12,Computer Lab,269,29.2,403.0,7649.9,36.1,7.3
2026-04-12,Library,136,30.1,174.6,5093.0,12.5,3.3
2026-04-12,Canteen,157,30.3,229.1,5345.6,21.3,2.6
2026-04-12,Hostel,207,25.5,226.8,6866.0,31.3,6.6
2026-04-13,Admin Block,253,22.8,280.8,9027.8,28.6,7.5
2026-04-13,Engineering Block,326,29.3,499.6,11715.0,49.3,9.6
2026-04-13,Computer Lab,366,29.9,551.6,13267.9,67.5,13.2
2026-04-13,Library,233,28.7,229.7,6065.5,35.6,5.1
2026-04-13,Canteen,261,28.5,382.5,8427.6,39.3,7.2
2026-04-13,Hostel,351,26.5,579.8,12044.1,51.5,11.6
2026-04-14,Admin Block,229,28.1,374.0,8059.3,32.1,6.8
2026-04-14,Engineering Block,323,26.2,551.8,11624.2,50.6,10.5
2026-04-14,Computer Lab,404,31.2,652.8,13772.3,56.1,13.3
2026-04-14,Library,215,31.0,337.7,6995.6,26.1,6.8
2026-04-14,Canteen,385,27.8,431.0,9555.0,40.4,10.1
2026-04-14,Hostel,353,27.5,488.3,11712.6,44.6,11.6
2026-04-15,Admin Block,331,27.8,276.8,8720.0,32.0,8.3
2026-04-15,Engineering Block,341,27.0,512.0,11917.6,48.0,9.5
2026-04-15,Computer Lab,396,24.9,606.9,11978.6,54.4,12.5
2026-04-15,Library,218,30.9,321.7,7610.3,33.6,6.5
2026-04-15,Canteen,318,31.4,420.6,8636.5,42.8,8.9
2026-04-15,Hostel,415,26.0,513.7,12813.9,53.6,8.6
2026-04-16,Admin Block,247,23.1,299.5,8593.6,41.4,5.3
2026-04-16,Engineering Block,339,29.1,607.5,11094.6,46.8,12.0
2026-04-16,Computer Lab,389,31.3,544.6,12993.7,48.8,10.4
2026-04-16,Library,237,28.8,302.9,6458.3,28.9,6.4
2026-04-16,Canteen,320,20.6,380.6,9623.4,40.6,8.7
2026-04-16,Hostel,386,28.0,537.8,12210.4,58.3,10.0
2026-04-17,Admin Block,231,29.6,428.3,7439.8,37.1,8.2
2026-04-17,Engineering Block,348,28.3,509.7,11293.7,53.0,10.4
2026-04-17,Computer Lab,411,25.4,546.9,14608.2,56.0,10.7
2026-04-17,Library,258,29.9,347.2,6960.3,29.0,5.8
2026-04-17,Canteen,237,28.7,444.3,10307.8,39.3,5.4
2026-04-17,Hostel,373,37.8,634.8,11777.9,55.5,10.0
2026-04-18,Admin Block,81,27.9,202.4,2752.1,11.7,3.7
2026-04-18,Engineering Block,178,30.3,246.0,6700.2,21.4,7.5
2026-04-18,Computer Lab,161,25.5,344.5,8024.8,31.0,7.1
2026-04-18,Library,115,25.7,147.6,2955.3,10.3,3.8
2026-04-18,Canteen,117,30.0,188.8,5133.6,18.9,6.2
2026-04-18,Hostel,218,33.0,297.0,6868.5,25.0,5.5
2026-04-19,Admin Block,119,26.7,139.4,3240.2,7.3,2.4
2026-04-19,Engineering Block,215,23.9,220.6,7585.1,24.8,6.0
2026-04-19,Computer Lab,244,31.1,276.8,7207.8,24.4,9.3
2026-04-19,Library,58,25.6,122.5,2485.2,20.7,6.2
2026-04-19,Canteen,140,24.8,129.2,4897.3,20.2,3.8
2026-04-19,Hostel,215,30.3,336.1,6611.5,24.3,6.8
2026-04-20,Admin Block,234,31.8,401.4,6725.9,26.4,5.8
2026-04-20,Engineering Block,314,31.4,551.2,12004.5,50.1,10.4
2026-04-20,Computer Lab,444,30.5,611.3,14342.3,58.1,11.3
2026-04-20,Library,178,31.2,381.4,6617.1,34.3,3.6
2026-04-20,Canteen,284,28.9,398.9,10889.5,39.8,7.8
2026-04-20,Hostel,377,22.6,516.8,12964.1,50.1,9.9
2026-04-21,Admin Block,279,33.3,394.3,7579.2,32.9,5.8
2026-04-21,Engineering Block,316,25.7,487.6,10627.4,41.4,10.4
2026-04-21,Computer Lab,411,34.4,591.8,13407.5,58.2,11.3
2026-04-21,Library,234,31.5,341.5,6763.8,28.2,4.4
2026-04-21,Canteen,257,27.0,374.4,9491.0,44.8,7.2
2026-04-21,Hostel,386,25.7,539.7,11921.3,55.9,10.1
2026-04-22,Admin Block,269,28.2,324.0,7010.4,34.9,7.8
2026-04-22,Engineering Block,360,36.2,616.5,11320.1,48.1,10.7
2026-04-22,Computer Lab,373,32.7,632.2,13191.7,58.9,13.7
2026-04-22,Library,213,28.6,384.5,7453.9,27.9,6.0
2026-04-22,Canteen,292,30.2,375.2,8377.4,36.3,7.1
2026-04-22,Hostel,354,31.0,564.4,12337.7,46.8,10.3
2026-04-23,Admin Block,254,30.9,330.0,7855.1,43.2,6.7
2026-04-23,Engineering Block,326,28.4,529.0,11251.7,48.5,8.4
2026-04-23,Computer Lab,369,28.5,593.8,12637.0,54.9,11.7
2026-04-23,Library,239,28.7,334.9,6603.0,32.5,6.5
2026-04-23,Canteen,316,31.3,466.5,9436.0,42.0,9.5
2026-04-23,Hostel,354,27.0,566.2,12479.9,48.6,10.8
2026-04-24,Admin Block,230,21.9,332.1,7527.7,32.0,8.4
2026-04-24,Engineering Block,308,26.4,400.4,10947.4,46.4,9.5
2026-04-24,Computer Lab,441,31.8,616.3,13124.1,62.1,11.6
2026-04-24,Library,179,23.5,284.1,7145.5,38.7,6.1
2026-04-24,Canteen,259,25.2,443.5,8068.0,42.0,9.2
2026-04-24,Hostel,392,28.3,588.0,12511.1,49.8,13.1
2026-04-25,Admin Block,116,31.5,102.0,4973.7,24.4,3.7
2026-04-25,Engineering Block,212,30.8,273.5,6761.6,23.9,4.8
2026-04-25,Computer Lab,261,32.1,317.0,6966.2,29.2,7.3
2026-04-25,Library,79,30.1,218.7,3505.6,19.7,2.9
2026-04-25,Canteen,149,25.9,278.8,4602.8,23.4,4.5
2026-04-25,Hostel,170,27.1,372.6,6723.1,23.6,6.3
2026-04-26,Admin Block,123,40.1,253.8,3931.6,24.3,1.5
2026-04-26,Engineering Block,196,35.4,313.3,5199.4,25.4,7.3
2026-04-26,Computer Lab,234,26.3,297.7,6944.2,33.1,8.0
2026-04-26,Library,151,30.5,126.5,3059.8,19.4,1.7
2026-04-26,Canteen,149,30.0,196.2,4435.2,21.5,5.1
2026-04-26,Hostel,244,30.9,327.0,6477.0,25.2,5.4
2026-04-27,Admin Block,248,30.1,265.4,7209.3,38.6,6.8
2026-04-27,Engineering Block,301,36.5,551.9,11474.8,49.8,9.7
2026-04-27,Computer Lab,377,35.8,671.9,13579.3,58.5,10.4
2026-04-27,Library,252,26.3,321.3,5954.4,21.1,6.4
2026-04-27,Canteen,257,22.6,442.3,10583.1,45.7,7.9
2026-04-27,Hostel,377,31.8,625.3,12101.7,53.1,11.2
2026-04-28,Admin Block,253,28.6,349.2,8641.9,38.8,7.3
2026-04-28,Engineering Block,411,27.8,595.8,12127.6,65.5,8.7
2026-04-28,Computer Lab,378,30.3,625.4,14317.6,52.9,12.7
2026-04-28,Library,248,31.3,282.8,7915.0,35.7,6.7
2026-04-28,Canteen,293,29.7,430.9,9801.5,40.5,7.2
2026-04-28,Hostel,340,26.6,566.6,12122.5,53.0,11.5
2026-04-29,Admin Block,212,33.7,360.4,7258.3,34.5,4.5
2026-04-29,Engineering Block,323,32.1,459.7,12061.4,55.4,9.7
2026-04-29,Computer Lab,413,32.6,594.6,13789.1,53.8,11.1
2026-04-29,Library,180,30.1,374.0,6540.3,22.8,4.7
2026-04-29,Canteen,299,34.9,470.4,9163.5,43.9,8.0
2026-04-29,Hostel,363,25.9,617.5,10604.5,56.2,10.3
2026-04-30,Admin Block,219,34.4,342.8,7133.0,31.9,7.2
2026-04-30,Engineering Block,335,24.0,474.0,12227.9,49.2,10.7
2026-04-30,Computer Lab,393,26.9,671.1,13002.7,54.3,12.9
2026-04-30,Library,182,27.1,311.8,6670.2,29.7,8.5
2026-04-30,Canteen,297,21.4,432.7,9429.6,40.6,8.5
2026-04-30,Hostel,375,28.8,591.9,11962.6,48.6,14.5
2026-05-01,Admin Block,208,29.3,289.7,7595.7,28.0,6.2
2026-05-01,Engineering Block,387,30.5,557.8,10503.7,58.4,8.7
2026-05-01,Computer Lab,456,32.3,640.5,12884.3,58.6,11.1
2026-05-01,Library,209,28.2,223.5,7534.2,28.9,5.4
2026-05-01,Canteen,266,30.1,395.6,7784.1,41.5,8.9
2026-05-01,Hostel,370,25.3,556.1,11338.1,48.1,10.0
2026-05-02,Admin Block,158,27.8,177.7,5624.6,20.4,4.1
2026-05-02,Engineering Block,180,27.1,382.2,13063.83,57.6,7.0200000000000005
2026-05-02,Computer Lab,216,31.4,276.4,6834.6,25.9,8.5
2026-05-02,Library,145,22.0,99.1,3807.0,14.7,1.7
2026-05-02,Canteen,225,30.0,268.8,5031.2,27.0,4.1
2026-05-02,Hostel,197,31.0,250.7,7765.1,29.7,7.5
2026-05-03,Admin Block,91,26.0,139.3,4181.7,17.4,3.2
2026-05-03,Engineering Block,157,24.9,280.0,5828.4,23.1,7.4
2026-05-03,Computer Lab,218,33.1,328.3,7387.1,30.8,4.4
2026-05-03,Library,164,28.6,213.4,3499.2,16.6,2.3
2026-05-03,Canteen,200,30.0,263.9,6238.8,28.4,5.5
2026-05-03,Hostel,157,26.8,264.2,6999.9,28.6,4.3
2026-05-04,Admin Block,227,24.2,339.6,6539.0,35.1,7.2
2026-05-04,Engineering Block,417,31.7,517.4,12336.7,44.6,9.0
2026-05-04,Computer Lab,414,22.1,587.3,12566.8,57.3,10.3
2026-05-04,Library,222,29.1,381.4,6874.4,26.1,5.7
2026-05-04,Canteen,238,30.3,463.1,10715.0,36.2,7.9
2026-05-04,Hostel,356,29.7,584.6,12185.3,57.3,10.1
2026-05-05,Admin Block,268,30.7,361.4,7615.3,44.6,5.8
2026-05-05,Engineering Block,361,26.6,599.0,12101.4,46.5,10.7
2026-05-05,Computer Lab,412,27.3,631.2,13473.0,57.8,11.6
2026-05-05,Library,223,29.7,323.1,6458.3,37.2,4.7
2026-05-05,Canteen,300,28.0,507.7,8832.7,37.2,7.1
2026-05-05,Hostel,388,24.6,529.5,10981.0,54.3,10.3
2026-05-06,Admin Block,181,32.5,309.4,7903.0,28.4,8.7
2026-05-06,Engineering Block,377,25.8,474.5,11998.6,48.7,9.9
2026-05-06,Computer Lab,447,26.6,598.7,14015.5,61.3,11.4
2026-05-06,Library,197,23.4,256.5,6951.9,28.3,6.1
2026-05-06,Canteen,322,25.2,408.1,9652.7,37.9,10.0
2026-05-06,Hostel,408,29.9,648.9,11505.7,53.7,11.3
2026-05-07,Admin Block,201,30.0,309.7,7933.9,36.8,7.1
2026-05-07,Engineering Block,286,25.9,541.6,11163.8,35.5,11.6
2026-05-07,Computer Lab,407,26.4,638.7,12754.6,53.6,12.1
2026-05-07,Library,270,34.2,352.4,7410.6,34.3,4.5
2026-05-07,Canteen,308,26.7,438.3,9312.1,43.0,8.4
2026-05-07,Hostel,269,29.6,596.0,12074.9,49.8,12.8
2026-05-08,Admin Block,244,30.4,407.9,7935.7,29.1,3.8
2026-05-08,Engineering Block,334,31.4,519.5,11910.8,49.5,11.7
2026-05-08,Computer Lab,392,30.5,631.0,14096.0,48.6,11.1
2026-05-08,Library,237,33.9,346.0,6754.7,33.3,7.0
2026-05-08,Canteen,273,30.1,489.0,10513.8,43.2,8.3
2026-05-08,Hostel,375,30.8,566.1,12438.3,48.1,12.4
2026-05-09,Admin Block,88,27.6,201.6,5298.1,15.1,2.9
2026-05-09,Engineering Block,173,34.3,188.1,5559.2,38.9,6.3
2026-05-09,Computer Lab,182,28.9,340.6,7598.0,38.4,6.9
2026-05-09,Library,95,31.5,158.5,2971.3,7.7,1.4
2026-05-09,Canteen,125,25.2,244.7,4201.4,7.1,3.3
2026-05-09,Hostel,190,27.1,378.8,6293.2,32.6,6.0
2026-05-10,Admin Block,127,26.3,190.0,3701.7,18.8,3.4
2026-05-10,Engineering Block,159,32.2,326.6,5849.8,26.9,5.5
2026-05-10,Computer Lab,191,29.2,310.7,6478.8,23.0,6.0
2026-05-10,Library,134,26.8,286.9,4413.7,22.4,4.3
2026-05-10,Canteen,222,26.5,119.9,5176.0,26.2,4.7
2026-05-10,Hostel,216,33.2,348.9,7341.3,25.1,4.7
2026-05-11,Admin Block,290,29.3,329.0,7526.1,31.3,5.9
2026-05-11,Engineering Block,306,24.2,504.2,10864.6,53.1,10.5
2026-05-11,Computer Lab,412,26.6,589.2,13454.7,60.0,11.5
2026-05-11,Library,245,29.0,353.7,6666.6,22.0,6.3
2026-05-11,Canteen,311,30.8,457.3,9248.4,37.1,8.9
2026-05-11,Hostel,391,27.2,608.6,11821.1,50.6,12.8
2026-05-12,Admin Block,264,27.9,365.1,7900.6,21.2,5.7
2026-05-12,Engineering Block,349,27.9,534.3,12199.2,47.8,8.9
2026-05-12,Computer Lab,414,28.0,592.5,13040.3,66.9,8.9
2026-05-12,Library,194,29.0,282.8,7314.9,32.5,5.9
2026-05-12,Canteen,276,28.6,425.9,9249.1,39.1,8.6
2026-05-12,Hostel,403,25.1,504.1,11318.5,57.5,11.2
2026-05-13,Admin Block,251,24.4,422.3,7339.2,34.0,7.8
2026-05-13,Engineering Block,316,27.3,529.1,13157.4,49.8,12.1
2026-05-13,Computer Lab,445,30.2,562.7,14073.8,50.9,13.5
2026-05-13,Library,215,20.5,288.7,7260.1,28.3,6.9
2026-05-13,Canteen,256,24.8,414.8,9220.5,37.8,9.7
2026-05-13,Hostel,347,30.0,571.6,11163.1,46.2,10.9
2026-05-14,Admin Block,303,30.9,285.0,5973.2,37.9,6.6
2026-05-14,Engineering Block,390,26.2,533.0,12220.0,48.2,9.6
2026-05-14,Computer Lab,403,30.7,608.3,13808.1,54.5,10.0
2026-05-14,Library,277,27.1,285.8,7102.2,31.2,5.5
2026-05-14,Canteen,285,28.9,439.5,7812.6,48.6,8.1
2026-05-14,Hostel,397,24.6,529.8,11988.0,60.0,10.2
2026-05-15,Admin Block,260,26.9,328.3,7620.4,39.3,4.5
2026-05-15,Engineering Block,304,22.8,464.1,10712.5,40.8,9.2
2026-05-15,Computer Lab,332,25.7,645.5,13082.3,55.6,10.4
2026-05-15,Library,154,25.4,303.5,7094.3,31.9,6.8
2026-05-15,Canteen,260,29.1,417.9,9089.2,48.7,6.1
2026-05-15,Hostel,368,32.9,512.7,11861.6,50.3,10.6
2026-05-16,Admin Block,72,30.9,238.7,4254.4,12.7,3.8
2026-05-16,Engineering Block,161,27.9,389.2,6213.2,21.0,5.8
2026-05-16,Computer Lab,174,25.2,277.8,6719.2,34.1,7.1
2026-05-16,Library,132,25.5,144.6,4004.8,13.7,3.0
2026-05-16,Canteen,172,27.9,250.2,6251.3,21.7,6.0
2026-05-16,Hostel,226,24.3,253.5,6330.2,25.7,5.9
2026-05-17,Admin Block,150,33.0,230.0,4024.3,9.2,3.8
2026-05-17,Engineering Block,193,29.6,393.0,7117.4,30.6,4.4
2026-05-17,Computer Lab,203,28.7,302.0,7478.3,32.3,5.1
2026-05-17,Library,156,29.3,104.4,3914.6,18.4,4.5
2026-05-17,Canteen,145,31.6,261.4,4226.2,15.4,5.9
2026-05-17,Hostel,249,30.0,387.9,7673.8,33.2,4.9
2026-05-18,Admin Block,294,30.7,344.6,7515.6,35.5,4.7
2026-05-18,Engineering Block,375,25.9,532.8,11255.9,48.7,9.2
2026-05-18,Computer Lab,397,35.0,686.3,13375.4,56.3,12.6
2026-05-18,Library,247,26.3,305.1,5810.7,35.2,8.5
2026-05-18,Canteen,288,22.2,445.4,8772.3,37.2,9.0
2026-05-18,Hostel,385,27.4,530.2,12446.8,51.3,9.5
2026-05-19,Admin Block,222,30.1,351.8,6671.2,37.0,3.5
2026-05-19,Engineering Block,335,27.0,526.7,11760.1,53.9,9.3
2026-05-19,Computer Lab,423,29.6,528.1,14510.4,50.6,12.1
2026-05-19,Library,221,29.9,298.9,7402.7,22.5,5.9
2026-05-19,Canteen,266,26.8,443.6,9950.4,38.1,9.2
2026-05-19,Hostel,378,26.1,543.2,12135.3,49.8,11.4
2026-05-20,Admin Block,242,23.9,267.7,7966.0,29.4,7.1
2026-05-20,Engineering Block,378,24.9,449.5,12698.4,51.5,9.6
2026-05-20,Computer Lab,370,27.4,543.8,13584.2,52.3,12.9
2026-05-20,Library,193,25.7,287.3,5019.3,28.3,5.8
2026-05-20,Canteen,314,23.0,470.3,10023.4,46.5,8.2
2026-05-20,Hostel,412,24.3,583.1,11998.7,46.4,9.5
2026-05-21,Admin Block,234,26.4,363.8,6474.6,23.3,8.4
2026-05-21,Engineering Block,382,25.6,515.0,12292.7,51.9,10.3
2026-05-21,Computer Lab,441,26.7,596.4,13353.4,56.3,11.2
2026-05-21,Library,210,29.1,271.2,7331.2,24.9,5.7
2026-05-21,Canteen,275,30.1,340.5,9874.1,36.8,9.7
2026-05-21,Hostel,360,28.8,650.4,12059.7,58.1,10.9
2026-05-22,Admin Block,248,29.2,394.9,7274.4,28.8,6.0
2026-05-22,Engineering Block,354,28.3,556.5,12338.1,45.0,9.2
2026-05-22,Computer Lab,352,35.5,639.5,13231.9,49.3,11.6
2026-05-22,Library,225,28.2,363.6,8387.7,25.4,4.8
2026-05-22,Canteen,255,34.1,496.8,9106.9,39.5,7.3
2026-05-22,Hostel,408,27.8,549.1,12875.7,52.9,10.6
2026-05-23,Admin Block,129,31.5,284.9,4589.6,21.7,3.5
2026-05-23,Engineering Block,168,31.1,311.2,5261.3,25.0,5.5
2026-05-23,Computer Lab,203,33.7,376.0,8045.6,31.8,6.5
2026-05-23,Library,81,29.0,181.8,2684.4,12.8,2.9
2026-05-23,Canteen,171,30.5,223.0,5515.8,21.6,1.1
2026-05-23,Hostel,190,32.5,253.6,6765.2,35.8,5.1
2026-05-24,Admin Block,128,24.8,261.3,4149.8,18.3,5.3
2026-05-24,Engineering Block,216,26.2,257.2,6747.7,24.9,3.0
2026-05-24,Computer Lab,219,24.3,396.7,7347.9,27.0,5.6
2026-05-24,Library,48,25.5,214.7,4858.7,17.7,3.2
2026-05-24,Canteen,142,25.9,325.7,4943.3,31.2,6.2
2026-05-24,Hostel,146,26.9,279.6,6420.1,27.3,9.6
2026-05-25,Admin Block,196,29.7,386.2,7459.0,32.4,5.5
2026-05-25,Engineering Block,354,30.6,547.3,11860.6,55.7,11.2
2026-05-25,Computer Lab,405,25.3,563.0,13042.2,57.8,11.1
2026-05-25,Library,175,25.2,230.4,6482.3,21.8,4.8
2026-05-25,Canteen,272,24.7,435.1,9761.1,37.3,7.7
2026-05-25,Hostel,395,26.7,521.7,13192.7,57.4,11.6
2026-05-26,Admin Block,266,22.7,402.9,8064.8,38.2,7.2
2026-05-26,Engineering Block,352,28.1,540.4,11277.4,53.2,8.2
2026-05-26,Computer Lab,384,35.5,597.6,12924.9,52.1,12.0
2026-05-26,Library,182,28.4,354.1,6215.8,32.1,7.0
2026-05-26,Canteen,322,29.4,579.3,10215.4,42.5,7.2
2026-05-26,Hostel,373,33.6,658.0,13265.9,56.4,9.4
2026-05-27,Admin Block,251,25.0,275.1,7890.5,35.6,7.8
2026-05-27,Engineering Block,368,30.7,488.6,11491.8,42.9,7.7
2026-05-27,Computer Lab,428,26.6,633.9,14020.4,54.4,12.3
2026-05-27,Library,184,23.1,309.5,6373.9,26.6,8.4
2026-05-27,Canteen,232,30.2,391.4,9670.4,40.1,8.7
2026-05-27,Hostel,343,26.6,598.3,13306.0,54.2,9.8
2026-05-28,Admin Block,245,36.8,387.9,8655.2,29.8,6.7
2026-05-28,Engineering Block,372,30.3,497.1,11053.8,54.2,11.6
2026-05-28,Computer Lab,455,34.8,629.4,13232.7,64.0,12.5
2026-05-28,Library,173,25.7,328.6,6509.8,28.2,7.3
2026-05-28,Canteen,312,33.3,360.1,9644.7,43.9,6.4
2026-05-28,Hostel,354,26.3,556.5,13268.1,61.5,9.9
2026-05-29,Admin Block,252,30.8,379.7,7999.3,34.7,8.8
2026-05-29,Engineering Block,389,25.6,550.9,12245.0,51.6,11.5
2026-05-29,Computer Lab,409,29.6,610.6,11893.1,56.4,10.8
2026-05-29,Library,166,33.6,356.8,6570.6,25.6,6.4
2026-05-29,Canteen,320,26.4,422.7,10084.2,32.3,8.2
2026-05-29,Hostel,361,28.6,541.0,12334.5,61.2,10.5
2026-05-30,Admin Block,138,35.4,199.7,5433.5,18.3,5.9
2026-05-30,Engineering Block,219,30.0,296.7,6035.4,28.1,6.6
2026-05-30,Computer Lab,221,28.0,323.2,7888.1,36.6,5.6
2026-05-30,Library,90,30.2,254.1,4362.9,9.8,3.0
2026-05-30,Canteen,124,28.1,312.9,4051.3,14.0,3.5
2026-05-30,Hostel,217,31.0,343.7,7591.2,21.4,7.4
2026-05-31,Admin Block,117,31.3,150.6,4152.2,18.8,5.1
2026-05-31,Engineering Block,137,29.1,247.7,6359.6,29.2,7.1
2026-05-31,Computer Lab,202,32.0,409.7,6079.9,33.4,7.5
2026-05-31,Library,105,25.1,210.0,2913.3,15.0,3.3
2026-05-31,Canteen,182,27.0,370.98,11193.630000000001,70.72,8.030000000000001
2026-05-31,Hostel,154,30.0,271.7,7174.2,23.6,5.2
2026-06-01,Admin Block,213,28.8,369.8,7859.4,32.3,5.2
2026-06-01,Engineering Block,376,28.8,578.6,11140.0,42.7,10.1
2026-06-01,Computer Lab,448,29.5,595.8,12834.3,65.6,10.4
2026-06-01,Library,182,30.8,240.8,7498.5,31.4,7.1
2026-06-01,Canteen,305,28.5,382.4,9354.0,36.2,8.8
2026-06-01,Hostel,405,33.7,598.2,13066.0,52.3,10.3
2026-06-02,Admin Block,250,27.8,363.9,7040.2,29.3,7.5
2026-06-02,Engineering Block,382,25.8,546.0,11283.7,50.1,11.8
2026-06-02,Computer Lab,431,31.5,697.6,12857.5,52.8,10.8
2026-06-02,Library,199,21.5,294.7,6401.0,32.5,6.4
2026-06-02,Canteen,264,30.9,471.2,8740.4,37.4,5.6
2026-06-02,Hostel,338,26.6,559.9,11515.5,49.6,9.4
2026-06-03,Admin Block,239,30.4,379.0,7683.0,26.0,6.0
2026-06-03,Engineering Block,336,27.7,525.8,12326.6,52.6,8.9
2026-06-03,Computer Lab,426,31.0,573.7,13841.8,56.4,9.9
2026-06-03,Library,223,29.7,310.2,6850.7,26.3,6.7
2026-06-03,Canteen,284,29.5,449.8,8589.5,36.1,5.6
2026-06-03,Hostel,396,25.1,557.3,12661.1,56.1,9.4
2026-06-04,Admin Block,231,34.3,451.7,8276.8,34.3,5.5
2026-06-04,Engineering Block,376,28.5,550.5,11188.7,49.1,10.3
2026-06-04,Computer Lab,411,30.6,582.5,12341.9,64.1,14.6
2026-06-04,Library,223,24.8,269.2,7205.9,35.6,4.5
2026-06-04,Canteen,281,29.6,473.0,9101.7,33.0,9.0
2026-06-04,Hostel,416,28.7,582.2,12211.6,50.1,12.1
2026-06-05,Admin Block,247,30.6,429.2,7029.4,30.7,6.9
2026-06-05,Engineering Block,331,31.5,527.3,10729.9,49.1,10.3
2026-06-05,Computer Lab,435,30.3,628.3,13543.2,56.5,10.8
2026-06-05,Library,218,27.9,390.2,7722.4,32.3,6.5
2026-06-05,Canteen,282,25.0,408.3,9395.9,41.1,8.8
2026-06-05,Hostel,409,26.8,526.6,13428.1,57.2,10.4
2026-06-06,Admin Block,124,28.7,202.5,4491.2,29.4,3.9
2026-06-06,Engineering Block,216,23.6,260.3,7224.7,29.5,1.0
2026-06-06,Computer Lab,245,35.1,269.5,8350.6,19.2,7.5
2026-06-06,Library,114,21.5,187.3,4486.0,17.7,4.0
2026-06-06,Canteen,142,23.0,261.0,6203.3,26.8,2.2
2026-06-06,Hostel,154,26.3,235.9,6540.7,29.5,4.3
2026-06-07,Admin Block,155,30.9,184.1,4226.9,10.0,3.3
2026-06-07,Engineering Block,193,29.5,314.9,6469.8,25.9,5.9
2026-06-07,Computer Lab,256,28.7,351.2,7297.0,29.1,7.0
2026-06-07,Library,94,30.2,186.7,3440.4,14.1,2.7
2026-06-07,Canteen,99,30.2,258.5,5403.3,18.2,6.8
2026-06-07,Hostel,194,26.2,262.5,5585.0,35.7,7.6
2026-06-08,Admin Block,255,26.1,427.4,7526.4,32.2,8.5
2026-06-08,Engineering Block,374,36.0,562.7,11331.9,47.1,7.9
2026-06-08,Computer Lab,393,32.7,642.9,13138.2,51.8,11.9
2026-06-08,Library,243,30.4,330.4,6457.0,34.0,2.2
2026-06-08,Canteen,299,37.2,392.8,9258.1,40.4,7.7
2026-06-08,Hostel,413,30.5,577.1,13023.2,53.9,14.7
2026-06-09,Admin Block,239,29.6,281.1,7321.8,38.1,5.1
2026-06-09,Engineering Block,275,29.1,589.0,11122.5,45.9,7.9
2026-06-09,Computer Lab,418,31.1,530.2,13987.4,60.4,13.0
2026-06-09,Library,228,31.1,348.8,7464.5,21.5,4.2
2026-06-09,Canteen,260,28.6,448.1,9431.0,44.5,9.6
2026-06-09,Hostel,346,29.8,529.6,12047.6,53.6,6.8
2026-06-10,Admin Block,318,30.8,335.5,9322.8,33.4,6.9
2026-06-10,Engineering Block,333,34.3,540.8,11482.2,54.2,10.8
2026-06-10,Computer Lab,401,32.6,729.8,13371.3,57.1,11.8
2026-06-10,Library,253,27.1,298.8,6025.7,25.0,5.4
2026-06-10,Canteen,284,34.7,476.1,8747.1,36.8,9.9
2026-06-10,Hostel,416,29.1,545.4,13251.2,49.4,11.3
2026-06-11,Admin Block,313,29.7,323.5,8311.7,32.7,5.1
2026-06-11,Engineering Block,375,32.6,525.6,11349.8,45.5,9.9
2026-06-11,Computer Lab,383,25.8,676.9,13378.2,58.7,12.7
2026-06-11,Library,234,27.7,325.7,6755.1,31.8,6.4
2026-06-11,Canteen,272,24.7,424.6,9147.2,31.3,8.9
2026-06-11,Hostel,410,37.1,575.7,12139.8,48.8,11.1
2026-06-12,Admin Block,241,26.4,339.0,6398.9,37.2,5.8
2026-06-12,Engineering Block,349,24.4,486.8,11283.3,49.2,10.7
2026-06-12,Computer Lab,453,31.3,654.3,14365.0,60.4,11.6
2026-06-12,Library,243,32.4,359.1,6029.5,26.3,5.7
2026-06-12,Canteen,313,28.9,482.8,10339.9,46.2,9.7
2026-06-12,Hostel,340,30.5,542.9,11068.1,50.7,12.5
2026-06-13,Admin Block,144,35.5,232.8,5875.1,19.2,3.7
2026-06-13,Engineering Block,148,32.6,286.2,5665.4,31.7,7.0
2026-06-13,Computer Lab,261,27.8,331.5,7404.1,35.6,8.3
2026-06-13,Library,127,35.3,243.6,3650.4,20.1,5.3
2026-06-13,Canteen,227,32.8,258.4,5350.1,26.4,6.5
2026-06-13,Hostel,222,30.5,324.6,6638.9,28.7,6.1
2026-06-14,Admin Block,188,28.2,201.7,3941.5,22.8,5.4
2026-06-14,Engineering Block,249,29.7,324.4,6491.2,30.9,5.9
2026-06-14,Computer Lab,223,29.4,359.7,7061.8,30.1,8.4
2026-06-14,Library,209,25.1,110.9,3590.9,18.0,4.4
2026-06-14,Canteen,177,29.6,269.8,4791.1,21.5,4.5
2026-06-14,Hostel,151,25.3,253.6,6993.7,28.8,6.7
2026-06-15,Admin Block,169,24.3,371.8,5518.9,36.7,4.6
2026-06-15,Engineering Block,380,26.2,564.4,13705.3,39.8,11.0
2026-06-15,Computer Lab,339,30.4,598.6,12939.4,50.9,12.6
2026-06-15,Library,157,33.0,313.6,5633.3,35.1,5.9
2026-06-15,Canteen,352,32.9,409.7,9624.8,42.3,10.1
2026-06-15,Hostel,392,29.6,558.1,12367.1,59.2,10.9
2026-06-16,Admin Block,220,27.2,324.8,6668.6,29.1,8.5
2026-06-16,Engineering Block,343,31.3,423.5,11804.4,48.3,9.5
2026-06-16,Computer Lab,409,27.4,501.8,13804.5,57.8,11.2
2026-06-16,Library,174,24.3,314.1,7678.7,29.3,4.3
2026-06-16,Canteen,293,28.8,470.2,9779.4,26.9,8.9
2026-06-16,Hostel,341,24.5,542.5,12412.1,44.6,11.7
2026-06-17,Admin Block,260,29.2,317.7,7143.4,38.1,4.9
2026-06-17,Engineering Block,388,28.5,520.9,10549.7,49.5,10.9
2026-06-17,Computer Lab,356,30.6,612.6,12521.6,59.2,9.0
2026-06-17,Library,220,34.2,401.0,7113.4,28.1,5.2
2026-06-17,Canteen,275,30.7,401.6,9787.3,49.5,8.2
2026-06-17,Hostel,329,24.7,585.9,12046.2,55.7,10.2
2026-06-18,Admin Block,263,28.5,321.3,7534.4,28.2,9.1
2026-06-18,Engineering Block,347,31.1,510.2,10771.2,48.1,11.4
2026-06-18,Computer Lab,384,26.2,600.2,13404.4,63.5,12.0
2026-06-18,Library,230,31.3,274.2,6283.8,24.9,4.4
2026-06-18,Canteen,313,29.9,438.7,7799.7,50.1,7.2
2026-06-18,Hostel,448,24.4,514.4,11248.1,56.3,9.6
2026-06-19,Admin Block,196,24.6,377.0,7922.5,40.1,5.9
2026-06-19,Engineering Block,358,24.9,497.9,11172.8,51.5,11.3
2026-06-19,Computer Lab,437,26.3,638.5,13316.3,56.0,10.8
2026-06-19,Library,188,34.6,351.4,6813.5,27.5,8.9
2026-06-19,Canteen,331,26.7,411.6,9435.7,41.9,7.4
2026-06-19,Hostel,392,33.6,522.0,11666.7,51.1,10.4
2026-06-20,Admin Block,198,32.2,255.8,4382.2,18.5,2.0
2026-06-20,Engineering Block,220,30.6,359.6,6309.0,27.1,5.8
2026-06-20,Computer Lab,252,24.3,357.1,7384.7,27.1,3.9
2026-06-20,Library,109,33.6,272.7,3944.0,24.8,3.2
2026-06-20,Canteen,190,27.6,215.8,4865.6,13.6,6.1
2026-06-20,Hostel,184,26.4,254.9,6529.2,36.5,8.5
2026-06-21,Admin Block,70,27.9,151.7,4556.4,17.9,2.9
2026-06-21,Engineering Block,195,27.5,363.5,6676.5,30.2,2.4
2026-06-21,Computer Lab,219,35.7,421.1,6032.4,29.6,5.0
2026-06-21,Library,174,29.8,149.4,4060.2,5.8,2.0
2026-06-21,Canteen,158,31.7,166.0,4898.2,26.6,2.8
2026-06-21,Hostel,215,29.2,394.9,6667.4,28.5,7.0
2026-06-22,Admin Block,187,28.3,333.0,7324.7,35.5,7.4
2026-06-22,Engineering Block,324,29.4,595.5,10799.6,49.3,9.9
2026-06-22,Computer Lab,400,23.8,652.5,12656.7,61.1,10.9
2026-06-22,Library,186,32.9,376.4,6825.6,32.1,5.7
2026-06-22,Canteen,285,26.9,465.3,8894.3,46.8,7.9
2026-06-22,Hostel,377,31.4,574.5,12131.4,52.8,11.9
2026-06-23,Admin Block,210,28.6,355.1,8092.0,31.8,8.9
2026-06-23,Engineering Block,345,28.2,516.5,10589.2,44.5,9.5
2026-06-23,Computer Lab,442,28.9,580.8,14167.2,64.5,13.1
2026-06-23,Library,178,27.4,394.0,6806.7,27.2,6.9
2026-06-23,Canteen,321,27.2,435.6,10127.3,35.8,8.3
2026-06-23,Hostel,337,25.9,528.8,12435.1,50.5,10.1
2026-06-24,Admin Block,235,25.3,362.3,8390.4,32.5,6.5
2026-06-24,Engineering Block,364,22.5,537.2,13556.2,49.0,10.0
2026-06-24,Computer Lab,429,34.3,665.4,11903.9,59.8,14.7
2026-06-24,Library,229,25.3,317.7,6072.6,35.3,4.9
2026-06-24,Canteen,288,26.3,398.0,10326.0,40.7,7.6
2026-06-24,Hostel,336,23.0,494.7,12192.8,56.3,10.2
2026-06-25,Admin Block,288,26.7,337.2,7218.3,38.7,9.3
2026-06-25,Engineering Block,289,27.9,580.1,10224.5,50.3,11.6
2026-06-25,Computer Lab,405,30.8,688.5,14451.5,56.3,11.0
2026-06-25,Library,175,32.1,267.1,6470.8,28.8,5.4
2026-06-25,Canteen,295,37.2,455.2,9112.0,44.9,8.5
2026-06-25,Hostel,427,29.5,555.6,11415.6,46.9,8.7
2026-06-26,Admin Block,247,24.6,398.5,7734.7,32.1,5.7
2026-06-26,Engineering Block,372,26.4,473.6,12352.4,51.4,9.8
2026-06-26,Computer Lab,425,29.0,620.2,12754.0,66.4,10.9
2026-06-26,Library,262,28.4,352.2,7547.2,35.7,5.0
2026-06-26,Canteen,323,34.9,441.0,9557.6,38.7,7.8
2026-06-26,Hostel,436,25.8,511.4,13667.1,57.2,13.4
2026-06-27,Admin Block,112,29.4,173.8,4217.1,9.7,4.5
2026-06-27,Engineering Block,204,28.8,277.9,5784.4,30.6,4.2
2026-06-27,Computer Lab,239,35.6,427.9,6354.7,29.1,6.9
2026-06-27,Library,111,24.5,184.5,3716.5,24.6,3.0
2026-06-27,Canteen,198,24.9,183.6,5815.1,28.0,3.4
2026-06-27,Hostel,208,24.6,294.9,7326.0,27.2,5.7
2026-06-28,Admin Block,89,26.9,273.9,4056.4,12.6,3.3
2026-06-28,Engineering Block,137,25.8,346.2,5938.4,34.2,5.5
2026-06-28,Computer Lab,220,31.1,225.0,7371.2,30.9,8.2
2026-06-28,Library,148,25.4,224.5,3737.5,12.8,3.5
2026-06-28,Canteen,150,33.9,276.4,5239.7,26.0,5.8
2026-06-28,Hostel,234,33.5,360.2,7021.0,35.4,5.9
2026-06-29,Admin Block,235,34.5,448.2,7649.7,30.8,8.5
2026-06-29,Engineering Block,379,30.0,516.0,11830.6,49.9,9.3
2026-06-29,Computer Lab,407,29.8,588.9,13782.5,62.5,12.8
2026-06-29,Library,198,31.4,329.9,5946.8,32.0,6.2
2026-06-29,Canteen,376,33.7,480.5,9962.0,43.1,7.0
2026-06-29,Hostel,316,26.2,553.1,10651.4,49.0,10.6
